{
  "hash": "acdf5215",
  "configHash": "45b28a28",
  "lockfileHash": "9420d50a",
  "browserHash": "9dcfd66c",
  "optimized": {
    "@angular/core": {
      "src": "../../../../../node_modules/@angular/core/fesm2022/core.mjs",
      "file": "@angular_core.js",
      "fileHash": "2930f080",
      "needsInterop": false
    },
    "@angular/platform-browser": {
      "src": "../../../../../node_modules/@angular/platform-browser/fesm2022/platform-browser.mjs",
      "file": "@angular_platform-browser.js",
      "fileHash": "49fca8e6",
      "needsInterop": false
    },
    "@angular/router": {
      "src": "../../../../../node_modules/@angular/router/fesm2022/router.mjs",
      "file": "@angular_router.js",
      "fileHash": "735a6283",
      "needsInterop": false
    },
    "@angular/forms": {
      "src": "../../../../../node_modules/@angular/forms/fesm2022/forms.mjs",
      "file": "@angular_forms.js",
      "fileHash": "e698b25f",
      "needsInterop": false
    },
    "@angular/common/http": {
      "src": "../../../../../node_modules/@angular/common/fesm2022/http.mjs",
      "file": "@angular_common_http.js",
      "fileHash": "38ace26a",
      "needsInterop": false
    }
  },
  "chunks": {
    "chunk-KPFHOGE7": {
      "file": "chunk-KPFHOGE7.js"
    },
    "chunk-YK2DKZ73": {
      "file": "chunk-YK2DKZ73.js"
    },
    "chunk-OIPGYHPT": {
      "file": "chunk-OIPGYHPT.js"
    },
    "chunk-ADFJBWRY": {
      "file": "chunk-ADFJBWRY.js"
    }
  }
}